Date,Gold_Price
30-09-2022,4349.7 INR
29-09-2022,4341.5 INR
28-09-2022,4335.8 INR
27-09-2022,4269 INR
26-09-2022,4255.4 INR
25-09-2022,4287.2 INR
24-09-2022,4287.2 INR
23-09-2022,4286 INR
22-09-2022,4350.5 INR
21-09-2022,4300.2 INR
20-09-2022,4263.8 INR
19-09-2022,4284.2 INR
18-09-2022,4285 INR
17-09-2022,4285 INR
16-09-2022,4280.9 INR
15-09-2022,4266.3 INR
14-09-2022,4327.7 INR
13-09-2022,4352.3 INR
12/9/2022,4398.4 INR
11/9/2022,4388.2 INR
10/9/2022,4388.2 INR
9/9/2022,4387.4 INR
8/9/2022,4369.5 INR
7/9/2022,4389 INR
6/9/2022,4359.5 INR
5/9/2022,4379.3 INR
4/9/2022,4380.9 INR
3/9/2022,4380.9 INR
2/9/2022,4377.4 INR
1/9/2022,4338.4 INR
31-08-2022,4364.9 INR
30-08-2022,4408.5 INR
29-08-2022,4460 INR
28-08-2022,4462.6 INR
27-08-2022,4462.6 INR
26-08-2022,4459.4 INR
25-08-2022,4507.3 INR
24-08-2022,4488 INR
23-08-2022,4479.8 INR
22-08-2022,4449.6 INR
21-08-2022,4481.6 INR
20-08-2022,4481.6 INR
19-08-2022,4481.6 INR
18-08-2022,4503.3 INR
17-08-2022,4495 INR
16-08-2022,4516.1 INR
15-08-2022,4547.2 INR
14-08-2022,4607.2 INR
13-08-2022,4607.2 INR
12/8/2022,4603.1 INR
11/8/2022,4569.4 INR
10/8/2022,4546.3 INR
9/8/2022,4584.2 INR
8/8/2022,4573.7 INR
7/8/2022,4524.7 INR
6/8/2022,4524.7 INR
5/8/2022,4524.6 INR
4/8/2022,4557 INR
3/8/2022,4481.8 INR
2/8/2022,4443.1 INR
1/8/2022,4492 INR
31-07-2022,4490.7 INR
30-07-2022,4490.7 INR
29-07-2022,4488.3 INR
28-07-2022,4485.6 INR
27-07-2022,4441 INR
26-07-2022,4402.2 INR
25-07-2022,4398.9 INR
24-07-2022,4429.4 INR
23-07-2022,4429.4 INR
22-07-2022,4422.9 INR
21-07-2022,4408.3 INR
20-07-2022,4352.7 INR
19-07-2022,4389.3 INR
18-07-2022,4386 INR
17-07-2022,4370.2 INR
16-07-2022,4373.7 INR
15-07-2022,4365.7 INR
14-07-2022,4384 INR
13-07-2022,4433.1 INR
12/7/2022,4404.3 INR
11/7/2022,4417.2 INR
10/7/2022,4435.8 INR
9/7/2022,4435.8 INR
8/7/2022,4434.8 INR
7/7/2022,4426.3 INR
6/7/2022,4414.4 INR
5/7/2022,4489.9 INR
4/7/2022,4583 INR
3/7/2022,4590.2 INR
2/7/2022,4590.2 INR
1/7/2022,4578.8 INR
30-06-2022,4578.3 INR
29-06-2022,4599.8 INR
28-06-2022,4616.2 INR
27-06-2022,4592 INR
26-06-2022,4590 INR
25-06-2022,4590 INR
24-06-2022,4585 INR
23-06-2022,4580.6 INR
22-06-2022,4614.4 INR
21-06-2022,4592.3 INR
20-06-2022,4600.6 INR
19-06-2022,4603.8 INR
18-06-2022,4603.8 INR
17-06-2022,4596.9 INR
16-06-2022,4639.1 INR
15-06-2022,4585.2 INR
14-06-2022,4525.2 INR
13-06-2022,4576.3 INR
12/6/2022,4696.1 INR
11/6/2022,4696.1 INR
10/6/2022,4694 INR
9/6/2022,4615 INR
8/6/2022,4621.3 INR
7/6/2022,4622.2 INR
6/6/2022,4603.8 INR
5/6/2022,4616.8 INR
4/6/2022,4616.8 INR
3/6/2022,4616.4 INR
2/6/2022,4645.2 INR
1/6/2022,4603.4 INR
31-05-2022,4581 INR
30-05-2022,4617.7 INR
29-05-2022,4623 INR
28-05-2022,4623 INR
27-05-2022,4618.2 INR
26-05-2022,4618.5 INR
25-05-2022,4611.8 INR
24-05-2022,4642.1 INR
23-05-2022,4612.3 INR
22-05-2022,4613 INR
21-05-2022,4613 INR
20-05-2022,4611.6 INR
19-05-2022,4576.3 INR
18-05-2022,4535.2 INR
17-05-2022,4508.2 INR
16-05-2022,4561.9 INR
15-05-2022,4506.7 INR
14-05-2022,4506.7 INR
13-05-2022,4499.9 INR
12/5/2022,4531.9 INR
11/5/2022,4604 INR
10/5/2022,4552.7 INR
9/5/2022,4602.7 INR
8/5/2022,4652.1 INR
7/5/2022,4652.1 INR
6/5/2022,4651.9 INR
5/5/2022,4612.8 INR
4/5/2022,4599.5 INR
3/5/2022,4584.6 INR
2/5/2022,4573.5 INR
1/5/2022,4660.6 INR
30-04-2022,4660.6 INR
29-04-2022,4659.4 INR
28-04-2022,4664 INR
27-04-2022,4630.1 INR
26-04-2022,4683.5 INR
25-04-2022,4668.2 INR
24-04-2022,4741.2 INR
23-04-2022,4741.2 INR
22-04-2022,4746.3 INR
21-04-2022,4777.5 INR
20-04-2022,4789.5 INR
19-04-2022,4782.7 INR
18-04-2022,4842.9 INR
17-04-2022,4836.4 INR
16-04-2022,4836.4 INR
15-04-2022,4835.6 INR
14-04-2022,4829.8 INR
13-04-2022,4831.7 INR
12/4/2022,4806.1 INR
11/4/2022,4755.8 INR
10/4/2022,4746.5 INR
9/4/2022,4746.5 INR
8/4/2022,4747.4 INR
7/4/2022,4707.2 INR
6/4/2022,4688.7 INR
6/4/2022,4694.1 INR
6/4/2022,4690 INR
6/4/2022,4695.4 INR
5/4/2022,4658.2 INR
4/4/2022,4680.3 INR
3/4/2022,4693.7 INR
2/4/2022,4693.7 INR
1/4/2022,4692.4 INR
31-03-2022,4736.5 INR
30-03-2022,4712.2 INR
29-03-2022,4661.1 INR
28-03-2022,4690.8 INR
27-03-2022,4794.6 INR
26-03-2022,4794.6 INR
25-03-2022,4786.1 INR
24-03-2022,4806.1 INR
23-03-2022,4783.8 INR
22-03-2022,4695.5 INR
21-03-2022,4738.9 INR
20-03-2022,4683.7 INR
19-03-2022,4683.7 INR
18-03-2022,4681.5 INR
17-03-2022,4725.1 INR
16-03-2022,4713.9 INR
15-03-2022,4692.2 INR
14-03-2022,4798 INR
13-03-2022,4898.9 INR
12/3/2022,4898.9 INR
11/3/2022,4888.7 INR
10/3/2022,4895.8 INR
9/3/2022,4863 INR
8/3/2022,5025.8 INR
7/3/2022,4943.1 INR
6/3/2022,4835.5 INR
5/3/2022,4834.9 INR
4/3/2022,4821.7 INR
3/3/2022,4718.3 INR
2/3/2022,4683.1 INR
1/3/2022,4720.6 INR
28-02-2022,4615.8 INR
27-02-2022,4551.4 INR
26-02-2022,4552.6 INR
25-02-2022,4561.1 INR
24-02-2022,4568.4 INR
23-02-2022,4569.9 INR
22-02-2022,4550.1 INR
21-02-2022,4576.5 INR
20-02-2022,4550.2 INR
19-02-2022,4550.2 INR
18-02-2022,4534.2 INR
17-02-2022,4576.4 INR
16-02-2022,4499.9 INR
15-02-2022,4477.4 INR
14-02-2022,4541.9 INR
13-02-2022,4513.7 INR
12/2/2022,4513.7 INR
11/2/2022,4518.8 INR
10/2/2022,4419.6 INR
9/2/2022,4398.6 INR
8/2/2022,4381.6 INR
7/2/2022,4365.2 INR
6/2/2022,4332.2 INR
5/2/2022,4332.2 INR
4/2/2022,4327.4 INR
3/2/2022,4332.1 INR
2/2/2022,4338.7 INR
1/2/2022,4317.9 INR
31-01-2022,4305.5 INR
30-01-2022,4316.6 INR
29-01-2022,4314 INR
28-01-2022,4304.3 INR
27-01-2022,4330.6 INR
26-01-2022,4378.7 INR
25-01-2022,4440.1 INR
24-01-2022,4410 INR
23-01-2022,4382.8 INR
22-01-2022,4382.8 INR
21-01-2022,4368.3 INR
20-01-2022,4393 INR
19-01-2022,4400.7 INR
18-01-2022,4343.6 INR
17-01-2022,4336.9 INR
16-01-2022,4326.9 INR
15-01-2022,4326.9 INR
14-01-2022,4326.6 INR
13-01-2022,4321.4 INR
12/1/2022,4326.8 INR
11/1/2022,4314.5 INR
10/1/2022,4278 INR
9/1/2022,4282.3 INR
8/1/2022,4282.3 INR
7/1/2022,4278.5 INR
6/1/2022,4271.5 INR
5/1/2022,4326.3 INR
4/1/2022,4343.2 INR
3/1/2022,4303 INR
2/1/2022,4371.3 INR
1/1/2022,4371.3 INR
31-12-2021,4370.7 INR
30-12-2021,4341.7 INR
29-12-2021,4317.8 INR
28-12-2021,4332.5 INR
27-12-2021,4350.9 INR
26-12-2021,4368.4 INR
25-12-2021,4352.2 INR
24-12-2021,4351.9 INR
23-12-2021,4357.7 INR
22-12-2021,4371.3 INR
21-12-2021,4346.5 INR
20-12-2021,4354.1 INR
19-12-2021,4389.5 INR
18-12-2021,4389.5 INR
17-12-2021,4394.4 INR
16-12-2021,4399.8 INR
15-12-2021,4348.7 INR
14-12-2021,4328.2 INR
13-12-2021,4351.4 INR
12/12/2021,4333.5 INR
11/12/2021,4333.5 INR
10/12/2021,4333.2 INR
9/12/2021,4313 INR
8/12/2021,4324.5 INR
7/12/2021,4324.3 INR
6/12/2021,4303.5 INR
5/12/2021,4306.8 INR
4/12/2021,4306.8 INR
3/12/2021,4310.6 INR
2/12/2021,4255.9 INR
1/12/2021,4285.9 INR
30-11-2021,4277 INR
29-11-2021,4303.9 INR
28-11-2021,4318.9 INR
27-11-2021,4318.9 INR
26-11-2021,4315.7 INR
25-11-2021,4278.3 INR
24-11-2021,4273.5 INR
23-11-2021,4275 INR
22-11-2021,4311.2 INR
21-11-2021,4404.2 INR
20-11-2021,4404.2 INR
19-11-2021,4410.1 INR
18-11-2021,4423.3 INR
17-11-2021,4443.8 INR
16-11-2021,4421.4 INR
15-11-2021,4455.6 INR
14-11-2021,4450.7 INR
13-11-2021,4450.7 INR
12/11/2021,4448.9 INR
11/11/2021,4441.1 INR
10/11/2021,4409.3 INR
9/11/2021,4360 INR
8/11/2021,4331.7 INR
7/11/2021,4330.1 INR
6/11/2021,4330.1 INR
5/11/2021,4327.9 INR
4/11/2021,4291.6 INR
3/11/2021,4234.6 INR
2/11/2021,4282.6 INR
1/11/2021,4308.2 INR
31-10-2021,4289.6 INR
30-10-2021,4289.6 INR
29-10-2021,4290.6 INR
28-10-2021,4318.4 INR
27-10-2021,4330.2 INR
26-10-2021,4316.7 INR
25-10-2021,4350.9 INR
24-10-2021,4314.9 INR
23-10-2021,4315 INR
22-10-2021,4318 INR
21-10-2021,4288.1 INR
20-10-2021,4287.3 INR
19-10-2021,4266.9 INR
18-10-2021,4262.3 INR
17-10-2021,4252 INR
16-10-2021,4252 INR
15-10-2021,4259.8 INR
14-10-2021,4327.4 INR
13-10-2021,4331 INR
12/10/2021,4264.7 INR
11/10/2021,4242.8 INR
10/10/2021,4238 INR
9/10/2021,4238 INR
8/10/2021,4230.2 INR
7/10/2021,4217.8 INR
6/10/2021,4233.8 INR
5/10/2021,4213 INR
4/10/2021,4231.2 INR
3/10/2021,4190.7 INR
2/10/2021,4190.7 INR
1/10/2021,4186.7 INR
30-09-2021,4186.3 INR
29-09-2021,4117.8 INR
28-09-2021,4127.3 INR
27-09-2021,4145.2 INR
26-09-2021,4147.6 INR
25-09-2021,4147.6 INR
24-09-2021,4138.7 INR
23-09-2021,4142.4 INR
22-09-2021,4188.3 INR
21-09-2021,4202.1 INR
20-09-2021,4173.9 INR
19-09-2021,4150.6 INR
18-09-2021,4150.6 INR
17-09-2021,4142.1 INR
16-09-2021,4141.4 INR
15-09-2021,4230.7 INR
14-09-2021,4268.9 INR
13-09-2021,4235.7 INR
12/9/2021,4219.4 INR
11/9/2021,4219.4 INR
10/9/2021,4220.8 INR
9/9/2021,4236.9 INR
8/9/2021,4236.8 INR
7/9/2021,4225.6 INR
6/9/2021,4280 INR
5/9/2021,4282.8 INR
4/9/2021,4282.8 INR
3/9/2021,4284.2 INR
2/9/2021,4243.4 INR
1/9/2021,4249.7 INR
31-08-2021,4252.5 INR
30-08-2021,4260.6 INR
29-08-2021,4287.1 INR
28-08-2021,4287.1 INR
27-08-2021,4292.6 INR
26-08-2021,4266.1 INR
25-08-2021,4259.5 INR
24-08-2021,4293.8 INR
23-08-2021,4293.4 INR
22-08-2021,4251.2 INR
21-08-2021,4248.4 INR
20-08-2021,4250.5 INR
19-08-2021,4254.5 INR
18-08-2021,4259.9 INR
17-08-2021,4261.3 INR
16-08-2021,4255.5 INR
15-08-2021,4239.8 INR
14-08-2021,4239.8 INR
13-08-2021,4236 INR
12/8/2021,4181.5 INR
11/8/2021,4172.5 INR
10/8/2021,4129.6 INR
9/8/2021,4135.9 INR
8/8/2021,4217 INR
7/8/2021,4201.7 INR
6/8/2021,4196.8 INR
5/8/2021,4304.8 INR
4/8/2021,4315.7 INR
3/8/2021,4313.9 INR
2/8/2021,4327.7 INR
1/8/2021,4331.1 INR
31-07-2021,4331.1 INR
30-07-2021,4331.7 INR
29-07-2021,4357.9 INR
28-07-2021,4317.7 INR
27-07-2021,4308.6 INR
26-07-2021,4294.3 INR
25-07-2021,4306.7 INR
24-07-2021,4306.7 INR
23-07-2021,4304.1 INR
22-07-2021,4319 INR
21-07-2021,4310.6 INR
20-07-2021,4332.1 INR
19-07-2021,4360.4 INR
18-07-2021,4341.2 INR
17-07-2021,4341.2 INR
16-07-2021,4340.7 INR
15-07-2021,4376.7 INR
14-07-2021,4368.3 INR
13-07-2021,4332.6 INR
12/7/2021,4319.4 INR
11/7/2021,4324.1 INR
10/7/2021,4324.1 INR
9/7/2021,4325 INR
8/7/2021,4327.2 INR
7/7/2021,4330.3 INR
6/7/2021,4313.3 INR
5/7/2021,4273.8 INR
4/7/2021,4273.7 INR
3/7/2021,4273.7 INR
2/7/2021,4275.5 INR
1/7/2021,4250 INR
30-06-2021,4224.7 INR
29-06-2021,4197.8 INR
28-06-2021,4241.7 INR
27-06-2021,4244.4 INR
26-06-2021,4242.3 INR
25-06-2021,4238.9 INR
24-06-2021,4225.8 INR
23-06-2021,4232.3 INR
22-06-2021,4232.7 INR
21-06-2021,4243.2 INR
20-06-2021,4199.7 INR
19-06-2021,4199.7 INR
18-06-2021,4195.3 INR
17-06-2021,4225.2 INR
16-06-2021,4333 INR
15-06-2021,4377.7 INR
14-06-2021,4385.5 INR
13-06-2021,4413.6 INR
12/6/2021,4413.6 INR
11/6/2021,4409.5 INR
10/6/2021,4449.4 INR
9/6/2021,4425.4 INR
8/6/2021,4436.3 INR
7/6/2021,4439.6 INR
6/6/2021,4426.4 INR
5/6/2021,4426.4 INR
4/6/2021,4426.9 INR
3/6/2021,4387.3 INR
2/6/2021,4469.7 INR
1/6/2021,4441.9 INR
31-05-2021,4438.8 INR
30-05-2021,4424.7 INR
29-05-2021,4424.7 INR
28-05-2021,4425.3 INR
27-05-2021,4429.9 INR
26-05-2021,4422.8 INR
25-05-2021,4440.7 INR
24-05-2021,4407.9 INR
23-05-2021,4401.8 INR
22-05-2021,4401.8 INR
21-05-2021,4399.4 INR
20-05-2021,4400.6 INR
19-05-2021,4397.9 INR
18-05-2021,4386.1 INR
17-05-2021,4387.9 INR
16-05-2021,4336.7 INR
15-05-2021,4336.7 INR
14-05-2021,4333.1 INR
13-05-2021,4308.5 INR
12/5/2021,4305.5 INR
11/5/2021,4328.2 INR
10/5/2021,4334.4 INR
9/5/2021,4306.9 INR
8/5/2021,4306.9 INR
7/5/2021,4310.8 INR
6/5/2021,4287.7 INR
5/5/2021,4230.4 INR
4/5/2021,4212.6 INR
3/5/2021,4246.1 INR
2/5/2021,4207.6 INR
1/5/2021,4207.6 INR
30-04-2021,4205.7 INR
29-04-2021,4221.7 INR
28-04-2021,4252.5 INR
27-04-2021,4252.9 INR
26-04-2021,4274.8 INR
25-04-2021,4271.1 INR
24-04-2021,4271.1 INR
23-04-2021,4269.6 INR
22-04-2021,4302.6 INR
21-04-2021,4338.2 INR
20-04-2021,4304 INR
19-04-2021,4257.6 INR
18-04-2021,4249.2 INR
17-04-2021,4249.9 INR
16-04-2021,4250.2 INR
15-04-2021,4233.5 INR
14-04-2021,4183.5 INR
13-04-2021,4211.9 INR
12/4/2021,4170.4 INR
11/4/2021,4183.6 INR
10/4/2021,4183.6 INR
9/4/2021,4180.6 INR
8/4/2021,4203.8 INR
7/4/2021,4149 INR
6/4/2021,4111.6 INR
5/4/2021,4063.8 INR
4/4/2021,4089 INR
3/4/2021,4089 INR
2/4/2021,4089.1 INR
1/4/2021,4065.8 INR
31-03-2021,4013.2 INR
30-03-2021,3965.3 INR
29-03-2021,3996 INR
28-03-2021,4028.9 INR
27-03-2021,4028.9 INR
26-03-2021,4030.7 INR
25-03-2021,4025 INR
24-03-2021,4043.5 INR
23-03-2021,4026.9 INR
22-03-2021,4039.1 INR
21-03-2021,4058.6 INR
20-03-2021,4058.6 INR
19-03-2021,4051.8 INR
18-03-2021,4049.6 INR
17-03-2021,4050.3 INR
16-03-2021,4030.5 INR
15-03-2021,4029.1 INR
14-03-2021,4030 INR
13-03-2021,4029.9 INR
12/3/2021,4017.1 INR
11/3/2021,4022.9 INR
10/3/2021,4024.4 INR
9/3/2021,4017.1 INR
8/3/2021,3967.3 INR
7/3/2021,3995.4 INR
6/3/2021,3995.4 INR
5/3/2021,3989.7 INR
4/3/2021,3989.6 INR
3/3/2021,4023.2 INR
2/3/2021,4081.4 INR
1/3/2021,4050.3 INR
28-02-2021,4097.9 INR
27-02-2021,4097.9 INR
26-02-2021,4089.1 INR
25-02-2021,4147.9 INR
24-02-2021,4176.3 INR
23-02-2021,4193.6 INR
22-02-2021,4202.5 INR
21-02-2021,4155.4 INR
20-02-2021,4155.2 INR
19-02-2021,4146 INR
18-02-2021,4135.3 INR
17-02-2021,4141.9 INR
16-02-2021,4200.3 INR
15-02-2021,4240.6 INR
14-02-2021,4251.6 INR
13-02-2021,4251.6 INR
12/2/2021,4238.1 INR
11/2/2021,4257.8 INR
10/2/2021,4304.8 INR
9/2/2021,4297.9 INR
8/2/2021,4293.9 INR
7/2/2021,4238.8 INR
6/2/2021,4238.8 INR
5/2/2021,4231.8 INR
4/2/2021,4204.2 INR
3/2/2021,4284 INR
2/2/2021,4298.2 INR
1/2/2021,4365.3 INR
31-01-2021,4326.4 INR
30-01-2021,4326.4 INR
29-01-2021,4329.2 INR
28-01-2021,4311.3 INR
27-01-2021,4315.4 INR
26-01-2021,4334.2 INR
25-01-2021,4345.8 INR
24-01-2021,4345.3 INR
23-01-2021,4345.3 INR
22-01-2021,4349.4 INR
21-01-2021,4378.5 INR
20-01-2021,4374.2 INR
19-01-2021,4321.6 INR
18-01-2021,4317.4 INR
17-01-2021,4291 INR
16-01-2021,4289.1 INR
15-01-2021,4293.7 INR
14-01-2021,4329.9 INR
13-01-2021,4351.8 INR
12/1/2021,4353.2 INR
11/1/2021,4357.2 INR
10/1/2021,4351.3 INR
9/1/2021,4351.3 INR
8/1/2021,4347.3 INR
7/1/2021,4522.6 INR
6/1/2021,4512.6 INR
5/1/2021,4580.3 INR
4/1/2021,4554.1 INR
3/1/2021,4443 INR
2/1/2021,4443 INR
1/1/2021,4443.1 INR
31-12-2020,4440.4 INR
30-12-2020,4441.9 INR
29-12-2020,4427.6 INR
28-12-2020,4424.6 INR
27-12-2020,4455.5 INR
26-12-2020,4437.9 INR
25-12-2020,4437.9 INR
24-12-2020,4439.3 INR
23-12-2020,4434.4 INR
22-12-2020,4423.1 INR
21-12-2020,4454.2 INR
20-12-2020,4443.1 INR
19-12-2020,4443.1 INR
18-12-2020,4437.8 INR
17-12-2020,4447.9 INR
16-12-2020,4406.2 INR
15-12-2020,4368.2 INR
14-12-2020,4313.6 INR
13-12-2020,4355.1 INR
12/12/2020,4355.1 INR
11/12/2020,4350.1 INR
10/12/2020,4343.3 INR
9/12/2020,4346.1 INR
8/12/2020,4427.9 INR
7/12/2020,4403.2 INR
6/12/2020,4353.6 INR
5/12/2020,4353.6 INR
4/12/2020,4350.3 INR
3/12/2020,4364.6 INR
2/12/2020,4330.2 INR
1/12/2020,4280.8 INR
30-11-2020,4230.6 INR
29-11-2020,4242.4 INR
28-11-2020,4242.4 INR
27-11-2020,4241.1 INR
26-11-2020,4286.9 INR
25-11-2020,4282.7 INR
24-11-2020,4284.4 INR
23-11-2020,4382.7 INR
22-11-2020,4454.5 INR
21-11-2020,4454.5 INR
20-11-2020,4458 INR
19-11-2020,4435.3 INR
18-11-2020,4457.8 INR
17-11-2020,4507.5 INR
16-11-2020,4505.2 INR
15-11-2020,4516.7 INR
14-11-2020,4516.7 INR
13-11-2020,4514.3 INR
12/11/2020,4496.9 INR
11/11/2020,4457.2 INR
10/11/2020,4473.6 INR
9/11/2020,4436.8 INR
8/11/2020,4636.1 INR
7/11/2020,4636.1 INR
6/11/2020,4636.9 INR
5/11/2020,4631 INR
4/11/2020,4524.6 INR
3/11/2020,4572.6 INR
2/11/2020,4530.2 INR
1/11/2020,4505.3 INR
31-10-2020,4499.6 INR
30-10-2020,4494.4 INR
29-10-2020,4466.5 INR
28-10-2020,4470.4 INR
27-10-2020,4521 INR
26-10-2020,4517.4 INR
25-10-2020,4509.9 INR
24-10-2020,4509.9 INR
23-10-2020,4509.9 INR
22-10-2020,4505 INR
21-10-2020,4550.4 INR
20-10-2020,4503.8 INR
19-10-2020,4481 INR
18-10-2020,4476.7 INR
17-10-2020,4476.7 INR
16-10-2020,4478.6 INR
15-10-2020,4493.3 INR
14-10-2020,4473.4 INR
13-10-2020,4460.7 INR
12/10/2020,4526.1 INR
11/10/2020,4519.3 INR
10/10/2020,4519.3 INR
9/10/2020,4516.5 INR
8/10/2020,4455.9 INR
7/10/2020,4443.8 INR
6/10/2020,4456.8 INR
5/10/2020,4485.7 INR
4/10/2020,4472.6 INR
3/10/2020,4472.6 INR
2/10/2020,4474.3 INR
1/10/2020,4481 INR
30-09-2020,4458.7 INR
29-09-2020,4490.5 INR
28-09-2020,4457.6 INR
27-09-2020,4403.1 INR
26-09-2020,4403.1 INR
25-09-2020,4402.9 INR
24-09-2020,4421.2 INR
23-09-2020,4410.5 INR
22-09-2020,4485.3 INR
21-09-2020,4512.7 INR
20-09-2020,4608.7 INR
19-09-2020,4608.7 INR
18-09-2020,4609 INR
17-09-2020,4592.2 INR
16-09-2020,4626.1 INR
15-09-2020,4616.2 INR
14-09-2020,4613.7 INR
13-09-2020,4579.2 INR
12/9/2020,4579.2 INR
11/9/2020,4579.2 INR
10/9/2020,4586.4 INR
9/9/2020,4585.2 INR
8/9/2020,4571.2 INR
7/9/2020,4547.1 INR
6/9/2020,4544.8 INR
5/9/2020,4544.8 INR
4/9/2020,4543.7 INR
3/9/2020,4553.6 INR
2/9/2020,4565.8 INR
1/9/2020,4621.7 INR
31-08-2020,4640.6 INR
30-08-2020,4611.1 INR
29-08-2020,4611.1 INR
28-08-2020,4614.3 INR
27-08-2020,4570.9 INR
26-08-2020,4655.5 INR
25-08-2020,4597.6 INR
24-08-2020,4585.5 INR
23-08-2020,4660.4 INR
22-08-2020,4660.4 INR
21-08-2020,4666.1 INR
20-08-2020,4700.9 INR
19-08-2020,4667.9 INR
18-08-2020,4793 INR
17-08-2020,4763.9 INR
16-08-2020,4672.6 INR
15-08-2020,4672.6 INR
14-08-2020,4668.1 INR
13-08-2020,4692.7 INR
12/8/2020,4593.8 INR
11/8/2020,4594.8 INR
10/8/2020,4869.1 INR
9/8/2020,4890.5 INR
8/8/2020,4894.1 INR
7/8/2020,4892.1 INR
6/8/2020,4966.3 INR
5/8/2020,4895.8 INR
4/8/2020,4855.5 INR
3/8/2020,4769.8 INR
2/8/2020,4748 INR
1/8/2020,4748 INR
31-07-2020,4751.7 INR
30-07-2020,4693.7 INR
29-07-2020,4727.9 INR
28-07-2020,4696.5 INR
27-07-2020,4651.8 INR
26-07-2020,4561.9 INR
25-07-2020,4561.9 INR
24-07-2020,4564.1 INR
23-07-2020,4533.9 INR
22-07-2020,4475.2 INR
21-07-2020,4403.8 INR
20-07-2020,4362.2 INR
19-07-2020,4352.3 INR
18-07-2020,4352.3 INR
17-07-2020,4355.8 INR
16-07-2020,4335.4 INR
15-07-2020,4370 INR
14-07-2020,4376.6 INR
13-07-2020,4349.9 INR
12/7/2020,4341.7 INR
11/7/2020,4341.7 INR
10/7/2020,4341.1 INR
9/7/2020,4349.2 INR
8/7/2020,4351.7 INR
7/7/2020,4320.2 INR
6/7/2020,4278.5 INR
5/7/2020,4254.4 INR
4/7/2020,4254.4 INR
3/7/2020,4255 INR
2/7/2020,4260.9 INR
1/7/2020,4293.3 INR
30-06-2020,4320 INR
29-06-2020,4294.9 INR
28-06-2020,4297.5 INR
27-06-2020,4297.5 INR
26-06-2020,4298.7 INR
25-06-2020,4275.3 INR
24-06-2020,4294.9 INR
23-06-2020,4302.3 INR
22-06-2020,4273.2 INR
21-06-2020,4263.4 INR
20-06-2020,4263.4 INR
19-06-2020,4267.7 INR
18-06-2020,4229.5 INR
17-06-2020,4232.4 INR
16-06-2020,4233.9 INR
15-06-2020,4205.3 INR
14-06-2020,4222.9 INR
13-06-2020,4222.9 INR
12/6/2020,4222.5 INR
11/6/2020,4224.5 INR
10/6/2020,4221.5 INR
9/6/2020,4156.4 INR
8/6/2020,4112 INR
7/6/2020,4086.5 INR
6/6/2020,4086.5 INR
5/6/2020,4080.3 INR
4/6/2020,4160.7 INR
3/6/2020,4106.5 INR
2/6/2020,4160.6 INR
1/6/2020,4216.3 INR
31-05-2020,4198 INR
30-05-2020,4198 INR
29-05-2020,4194.8 INR
28-05-2020,4175.8 INR
27-05-2020,4172.6 INR
26-05-2020,4153.1 INR
25-05-2020,4211.3 INR
24-05-2020,4235.4 INR
23-05-2020,4235.4 INR
22-05-2020,4233.1 INR
21-05-2020,4189.2 INR
20-05-2020,4244 INR
19-05-2020,4244.3 INR
18-05-2020,4207.7 INR
17-05-2020,4248.9 INR
16-05-2020,4248.9 INR
15-05-2020,4244.3 INR
14-05-2020,4190.8 INR
13-05-2020,4153.4 INR
12/5/2020,4113.1 INR
11/5/2020,4137.8 INR
10/5/2020,4133.3 INR
9/5/2020,4131.6 INR
8/5/2020,4134.1 INR
7/5/2020,4176.9 INR
6/5/2020,4126.2 INR
5/5/2020,4154.1 INR
4/5/2020,4138.5 INR
3/5/2020,4127.5 INR
2/5/2020,4140 INR
1/5/2020,4145.9 INR
30-04-2020,4082.6 INR
29-04-2020,4146.5 INR
28-04-2020,4175.6 INR
27-04-2020,4193.5 INR
26-04-2020,4229.4 INR
25-04-2020,4230.5 INR
24-04-2020,4237 INR
23-04-2020,4229.7 INR
22-04-2020,4211.3 INR
21-04-2020,4160.1 INR
20-04-2020,4175.3 INR
19-04-2020,4135.6 INR
18-04-2020,4135.6 INR
17-04-2020,4142.3 INR
16-04-2020,4241.4 INR
15-04-2020,4225.1 INR
14-04-2020,4208.7 INR
13-04-2020,4204.1 INR
12/4/2020,4119 INR
11/4/2020,4119 INR
10/4/2020,4118.1 INR
9/4/2020,4107.2 INR
8/4/2020,4011.8 INR
7/4/2020,4015.8 INR
6/4/2020,4063.1 INR
5/4/2020,3974 INR
4/4/2020,3974 INR
3/4/2020,3979.1 INR
2/4/2020,3951.9 INR
1/4/2020,3909 INR
31-03-2020,3818.4 INR
30-03-2020,3927.5 INR
29-03-2020,3925.1 INR
28-03-2020,3894.1 INR
27-03-2020,3895.9 INR
26-03-2020,3907.8 INR
25-03-2020,3915 INR
24-03-2020,3969.8 INR
23-03-2020,3814.2 INR
22-03-2020,3635 INR
21-03-2020,3635 INR
20-03-2020,3607.3 INR
19-03-2020,3544.1 INR
18-03-2020,3591.5 INR
17-03-2020,3633.9 INR
16-03-2020,3569.3 INR
15-03-2020,3631.3 INR
14-03-2020,3631.3 INR
13-03-2020,3601.7 INR
12/3/2020,3745.9 INR
11/3/2020,3894.9 INR
10/3/2020,3890.1 INR
9/3/2020,4004.7 INR
8/3/2020,3977.1 INR
7/3/2020,3977.1 INR
6/3/2020,4018.7 INR
5/3/2020,3962.8 INR
4/3/2020,3869.8 INR
3/3/2020,3844.6 INR
2/3/2020,3716.3 INR
1/3/2020,3672.8 INR
29-02-2020,3672.8 INR
28-02-2020,3670.3 INR
27-02-2020,3772.9 INR
26-02-2020,3790.1 INR
25-02-2020,3801.8 INR
24-02-2020,3830.1 INR
23-02-2020,3792.9 INR
22-02-2020,3792.9 INR
21-02-2020,3796 INR
20-02-2020,3741.4 INR
19-02-2020,3696.1 INR
18-02-2020,3678.5 INR
17-02-2020,3621.3 INR
16-02-2020,3638.5 INR
15-02-2020,3638.5 INR
14-02-2020,3636.2 INR
13-02-2020,3607.3 INR
12/2/2020,3582.1 INR
11/2/2020,3590.7 INR
10/2/2020,3603.1 INR
9/2/2020,3605 INR
8/2/2020,3605 INR
7/2/2020,3607.7 INR
6/2/2020,3582.5 INR
5/2/2020,3559 INR
4/2/2020,3545.5 INR
3/2/2020,3610.8 INR
2/2/2020,3649.3 INR
1/2/2020,3649.3 INR
31-01-2020,3646.3 INR
30-01-2020,3625.1 INR
29-01-2020,3607.6 INR
28-01-2020,3588.7 INR
27-01-2020,3625.8 INR
26-01-2020,3596.1 INR
25-01-2020,3596.1 INR
24-01-2020,3596.1 INR
23-01-2020,3582.8 INR
22-01-2020,3555.4 INR
21-01-2020,3562.4 INR
20-01-2020,3558.8 INR
19-01-2020,3550.6 INR
18-01-2020,3550.6 INR
17-01-2020,3559 INR
16-01-2020,3536.5 INR
15-01-2020,3529 INR
14-01-2020,3517.2 INR
13-01-2020,3516.1 INR
12/1/2020,3559.6 INR
11/1/2020,3559.6 INR
10/1/2020,3550.7 INR
9/1/2020,3548.9 INR
8/1/2020,3564.6 INR
7/1/2020,3625.4 INR
6/1/2020,3606.9 INR
5/1/2020,3573.5 INR
4/1/2020,3573.5 INR
3/1/2020,3565.4 INR
2/1/2020,3495.6 INR
1/1/2020,3477.6 INR
31-12-2019,3477.3 INR
30-12-2019,3469.4 INR
29-12-2019,3464.2 INR
28-12-2019,3464.2 INR
27-12-2019,3468.9 INR
26-12-2019,3455.9 INR
25-12-2019,3428 INR
24-12-2019,3431 INR
23-12-2019,3398 INR
22-12-2019,3375.1 INR
21-12-2019,3373.7 INR
20-12-2019,3371.8 INR
19-12-2019,3382.4 INR
18-12-2019,3362.3 INR
17-12-2019,3363.9 INR
16-12-2019,3360 INR
15-12-2019,3348 INR
14-12-2019,3348 INR
13-12-2019,3352.8 INR
12/12/2019,3327.8 INR
11/12/2019,3351.4 INR
10/12/2019,3332 INR
9/12/2019,3327.4 INR
8/12/2019,3341.1 INR
7/12/2019,3341.1 INR
6/12/2019,3340.8 INR
5/12/2019,3374.5 INR
4/12/2019,3383.7 INR
3/12/2019,3407.3 INR
2/12/2019,3364.8 INR
1/12/2019,3372.2 INR
30-11-2019,3372.2 INR
29-11-2019,3372.2 INR
28-11-2019,3341.9 INR
27-11-2019,3327.6 INR
26-11-2019,3355.1 INR
25-11-2019,3348.4 INR
24-11-2019,3370.1 INR
23-11-2019,3370.1 INR
22-11-2019,3370.2 INR
21-11-2019,3374.5 INR
20-11-2019,3393.1 INR
19-11-2019,3397.2 INR
18-11-2019,3397.4 INR
17-11-2019,3376.3 INR
16-11-2019,3376.3 INR
15-11-2019,3373.2 INR
14-11-2019,3399.3 INR
13-11-2019,3390.8 INR
12/11/2019,3362.9 INR
11/11/2019,3347.7 INR
10/11/2019,3341.2 INR
9/11/2019,3341.2 INR
8/11/2019,3349 INR
7/11/2019,3346 INR
6/11/2019,3400.3 INR
5/11/2019,3372.3 INR
4/11/2019,3430.4 INR
3/11/2019,3427.2 INR
2/11/2019,3427.2 INR
1/11/2019,3424.8 INR
31-10-2019,3450.8 INR
30-10-2019,3403 INR
29-10-2019,3388.4 INR
28-10-2019,3390.3 INR
27-10-2019,3421 INR
26-10-2019,3421 INR
25-10-2019,3421.7 INR
24-10-2019,3423.6 INR
23-10-2019,3386.7 INR
22-10-2019,3385.1 INR
21-10-2019,3378.5 INR
20-10-2019,3400.6 INR
19-10-2019,3400.6 INR
18-10-2019,3401.4 INR
17-10-2019,3409.5 INR
16-10-2019,3413.6 INR
15-10-2019,3399.6 INR
14-10-2019,3410.2 INR
13-10-2019,3391.8 INR
12/10/2019,3391.9 INR
11/10/2019,3385 INR
10/10/2019,3403.1 INR
9/10/2019,3439.8 INR
8/10/2019,3443.8 INR
7/10/2019,3404 INR
6/10/2019,3419.5 INR
5/10/2019,3419.5 INR
4/10/2019,3421.3 INR
3/10/2019,3433.4 INR
2/10/2019,3424.3 INR
1/10/2019,3378.4 INR
30-09-2019,3340.6 INR
29-09-2019,3394.7 INR
28-09-2019,3387.8 INR
27-09-2019,3396.9 INR
26-09-2019,3429.3 INR
25-09-2019,3429.9 INR
24-09-2019,3490.5 INR
23-09-2019,3463.1 INR
22-09-2019,3466.1 INR
21-09-2019,3466.1 INR
20-09-2019,3466.8 INR
19-09-2019,3434.8 INR
18-09-2019,3413.5 INR
17-09-2019,3441.7 INR
16-09-2019,3454.1 INR
15-09-2019,3395 INR
14-09-2019,3395 INR
13-09-2019,3391.6 INR
12/9/2019,3415.1 INR
11/9/2019,3433.8 INR
10/9/2019,3431.7 INR
9/9/2019,3455.7 INR
8/9/2019,3468.5 INR
7/9/2019,3468.5 INR
6/9/2019,3463.9 INR
5/9/2019,3503.4 INR
4/9/2019,3590.4 INR
3/9/2019,3580.1 INR
2/9/2019,3534.2 INR
1/9/2019,3507.2 INR
31-08-2019,3507.2 INR
30-08-2019,3508.9 INR
29-08-2019,3516.4 INR
28-08-2019,3546.9 INR
27-08-2019,3542 INR
26-08-2019,3520.7 INR
25-08-2019,3518.5 INR
24-08-2019,3518.5 INR
23-08-2019,3519.3 INR
22-08-2019,3459.3 INR
21-08-2019,3444.8 INR
20-08-2019,3461.1 INR
19-08-2019,3444.2 INR
18-08-2019,3453.5 INR
17-08-2019,3453.6 INR
16-08-2019,3462.6 INR
15-08-2019,3493.3 INR
14-08-2019,3473 INR
13-08-2019,3417.6 INR
12/8/2019,3459 INR
11/8/2019,3414.8 INR
10/8/2019,3414.8 INR
9/8/2019,3414.7 INR
8/8/2019,3403.2 INR
7/8/2019,3415.9 INR
6/8/2019,3354.5 INR
5/8/2019,3340.2 INR
4/8/2019,3221.5 INR
3/8/2019,3221.5 INR
2/8/2019,3221.5 INR
1/8/2019,3208.9 INR
31-07-2019,3137.9 INR
30-07-2019,3163.1 INR
29-07-2019,3147.6 INR
28-07-2019,3135.2 INR
27-07-2019,3135.2 INR
26-07-2019,3133.9 INR
25-07-2019,3139.9 INR
24-07-2019,3156.1 INR
23-07-2019,3144.3 INR
22-07-2019,3154.7 INR
21-07-2019,3154.1 INR
20-07-2019,3154.1 INR
19-07-2019,3152.8 INR
18-07-2019,3187 INR
17-07-2019,3148 INR
16-07-2019,3094.4 INR
15-07-2019,3113.2 INR
14-07-2019,3115.2 INR
13-07-2019,3115.2 INR
12/7/2019,3113 INR
11/7/2019,3092.9 INR
10/7/2019,3112.1 INR
9/7/2019,3073.4 INR
8/7/2019,3068.1 INR
7/7/2019,3073.7 INR
6/7/2019,3073.7 INR
5/7/2019,3076.5 INR
4/7/2019,3115.1 INR
3/7/2019,3131.7 INR
2/7/2019,3125.8 INR
1/7/2019,3061.5 INR
30-06-2019,3120.5 INR
29-06-2019,3120.5 INR
28-06-2019,3123.1 INR
27-06-2019,3122.6 INR
26-06-2019,3129.6 INR
25-06-2019,3167.2 INR
24-06-2019,3155.9 INR
23-06-2019,3124.7 INR
22-06-2019,3124.7 INR
21-06-2019,3125.8 INR
20-06-2019,3099.2 INR
19-06-2019,3026.7 INR
18-06-2019,3002.6 INR
17-06-2019,3004 INR
16-06-2019,3008.7 INR
15-06-2019,3008.7 INR
14-06-2019,3008.8 INR
13-06-2019,2994.4 INR
12/6/2019,2971.1 INR
11/6/2019,2955.5 INR
10/6/2019,2963.7 INR
9/6/2019,2986.5 INR
8/6/2019,2986.5 INR
7/6/2019,2987.1 INR
6/6/2019,2956.2 INR
5/6/2019,2963.6 INR
4/6/2019,2950.3 INR
3/6/2019,2941.2 INR
2/6/2019,2915.4 INR
1/6/2019,2915.3 INR
31-05-2019,2915.9 INR
30-05-2019,2885 INR
29-05-2019,2868.4 INR
28-05-2019,2861 INR
27-05-2019,2866.6 INR
26-05-2019,2861.2 INR
25-05-2019,2861.6 INR
24-05-2019,2862.2 INR
23-05-2019,2871 INR
22-05-2019,2848.6 INR
21-05-2019,2850.5 INR
20-05-2019,2866.3 INR
19-05-2019,2885.4 INR
18-05-2019,2885.4 INR
17-05-2019,2885.8 INR
16-05-2019,2899.2 INR
15-05-2019,2923.6 INR
14-05-2019,2928.2 INR
13-05-2019,2942.4 INR
12/5/2019,2886.8 INR
11/5/2019,2886.8 INR
10/5/2019,2888.2 INR
9/5/2019,2886 INR
8/5/2019,2869.2 INR
7/5/2019,2870.5 INR
6/5/2019,2847.1 INR
5/5/2019,2839.9 INR
4/5/2019,2839.9 INR
3/5/2019,2837.9 INR
2/5/2019,2832.8 INR
1/5/2019,2853.4 INR
30-04-2019,2866.1 INR
29-04-2019,2868.2 INR
28-04-2019,2883.2 INR
27-04-2019,2883.2 INR
26-04-2019,2883 INR
25-04-2019,2878.1 INR
24-04-2019,2867.7 INR
23-04-2019,2849 INR
22-04-2019,2853.3 INR
21-04-2019,2841.5 INR
20-04-2019,2841.5 INR
19-04-2019,2840.4 INR
18-04-2019,2841.7 INR
17-04-2019,2840 INR
16-04-2019,2849 INR
15-04-2019,2871.9 INR
14-04-2019,2866.2 INR
13-04-2019,2865.9 INR
12/4/2019,2865 INR
11/4/2019,2864 INR
10/4/2019,2905.1 INR
9/4/2019,2899.8 INR
8/4/2019,2898.1 INR
7/4/2019,2870.4 INR
6/4/2019,2870.4 INR
5/4/2019,2870.1 INR
4/4/2019,2864.2 INR
3/4/2019,2832.7 INR
2/4/2019,2857 INR
1/4/2019,2858.7 INR
31-03-2019,2880.3 INR
30-03-2019,2880.3 INR
29-03-2019,2878.1 INR
28-03-2019,2865.7 INR
27-03-2019,2900.3 INR
26-03-2019,2915.4 INR
25-03-2019,2925.7 INR
24-03-2019,2915.8 INR
23-03-2019,2915.9 INR
22-03-2019,2917 INR
21-03-2019,2885.8 INR
20-03-2019,2889.8 INR
19-03-2019,2894.3 INR
18-03-2019,2867.3 INR
17-03-2019,2883 INR
16-03-2019,2883 INR
15-03-2019,2880.8 INR
14-03-2019,2886 INR
13-03-2019,2932.2 INR
12/3/2019,2907.9 INR
11/3/2019,2895.8 INR
10/3/2019,2917.8 INR
9/3/2019,2917.5 INR
8/3/2019,2922.2 INR
7/3/2019,2898.3 INR
6/3/2019,2893.2 INR
5/3/2019,2914.2 INR
4/3/2019,2930.3 INR
3/3/2019,2947.3 INR
2/3/2019,2947.3 INR
1/3/2019,2948.5 INR
28-02-2019,2987.4 INR
27-02-2019,3013.7 INR
26-02-2019,3026.4 INR
25-02-2019,3019.4 INR
24-02-2019,3027.7 INR
23-02-2019,3027.7 INR
22-02-2019,3026.6 INR
21-02-2019,3030.9 INR
20-02-2019,3056.6 INR
19-02-2019,3066.7 INR
18-02-2019,3040.6 INR
17-02-2019,3025.5 INR
16-02-2019,3025.7 INR
15-02-2019,3026.9 INR
14-02-2019,2992.9 INR
13-02-2019,2969.4 INR
12/2/2019,2967.9 INR
11/2/2019,2992.5 INR
10/2/2019,3001.5 INR
9/2/2019,3001.5 INR
8/2/2019,3005.9 INR
7/2/2019,3000.3 INR
6/2/2019,3005.2 INR
5/2/2019,3017.9 INR
4/2/2019,3022.7 INR
3/2/2019,3023.3 INR
2/2/2019,3023.5 INR
1/2/2019,3024.5 INR
31-01-2019,3008.6 INR
30-01-2019,3003 INR
29-01-2019,3006.2 INR
28-01-2019,2971 INR
27-01-2019,2969.1 INR
26-01-2019,2969.1 INR
25-01-2019,2957.6 INR
24-01-2019,2918.2 INR
23-01-2019,2932 INR
22-01-2019,2939.9 INR
21-01-2019,2925.6 INR
20-01-2019,2930.7 INR
19-01-2019,2930.7 INR
18-01-2019,2931.8 INR
17-01-2019,2944.5 INR
16-01-2019,2947.8 INR
15-01-2019,2946.5 INR
14-01-2019,2933.8 INR
13-01-2019,2909.3 INR
12/1/2019,2909.3 INR
11/1/2019,2909.7 INR
10/1/2019,2911.4 INR
9/1/2019,2924.3 INR
8/1/2019,2893.6 INR
7/1/2019,2888.1 INR
6/1/2019,2868.1 INR
5/1/2019,2868 INR
4/1/2019,2867 INR
3/1/2019,2908.7 INR
2/1/2019,2879.6 INR
1/1/2019,2865.8 INR
31-12-2018,2859.1 INR
30-12-2018,2869 INR
29-12-2018,2869 INR
28-12-2018,2869 INR
27-12-2018,2871.5 INR
26-12-2018,2849 INR
25-12-2018,2857.4 INR
24-12-2018,2851.9 INR
23-12-2018,2827.3 INR
22-12-2018,2827.7 INR
21-12-2018,2827.9 INR
20-12-2018,2839 INR
19-12-2018,2811.9 INR
18-12-2018,2818.2 INR
17-12-2018,2863.9 INR
16-12-2018,2860.4 INR
15-12-2018,2860.4 INR
14-12-2018,2860.3 INR
13-12-2018,2851.6 INR
12/12/2018,2872.5 INR
11/12/2018,2884.3 INR
10/12/2018,2894.6 INR
9/12/2018,2859.5 INR
8/12/2018,2859.5 INR
7/12/2018,2863.4 INR
6/12/2018,2807.7 INR
5/12/2018,2804.8 INR
4/12/2018,2807.7 INR
3/12/2018,2786.3 INR
2/12/2018,2737.6 INR
1/12/2018,2735.6 INR
30-11-2018,2736.6 INR
29-11-2018,2740.4 INR
28-11-2018,2760.7 INR
27-11-2018,2759.6 INR
26-11-2018,2774.9 INR
25-11-2018,2772.1 INR
24-11-2018,2771 INR
23-11-2018,2770.6 INR
22-11-2018,2796 INR
21-11-2018,2800.3 INR
20-11-2018,2800.2 INR
19-11-2018,2808.3 INR
18-11-2018,2814.7 INR
17-11-2018,2814.7 INR
16-11-2018,2816.5 INR
15-11-2018,2797.3 INR
14-11-2018,2806 INR
13-11-2018,2786.7 INR
12/11/2018,2811.3 INR
11/11/2018,2820.3 INR
10/11/2018,2814 INR
9/11/2018,2819.9 INR
8/11/2018,2850 INR
7/11/2018,2851.9 INR
6/11/2018,2874.5 INR
5/11/2018,2878.7 INR
4/11/2018,2885.7 INR
3/11/2018,2885.7 INR
2/11/2018,2885.8 INR
1/11/2018,2900.7 INR
31-10-2018,2892.7 INR
30-10-2018,2893.6 INR
29-10-2018,2906 INR
28-10-2018,2894.5 INR
27-10-2018,2894.7 INR
26-10-2018,2894.9 INR
25-10-2018,2893.7 INR
24-10-2018,2899.5 INR
23-10-2018,2892.7 INR
22-10-2018,2891.3 INR
21-10-2018,2892.7 INR
20-10-2018,2892.7 INR
19-10-2018,2893.4 INR
18-10-2018,2902.5 INR
17-10-2018,2888.6 INR
16-10-2018,2880.9 INR
15-10-2018,2903 INR
14-10-2018,2879.8 INR
13-10-2018,2879.8 INR
12/10/2018,2881.5 INR
11/10/2018,2898.7 INR
10/10/2018,2847.1 INR
9/10/2018,2829.8 INR
8/10/2018,2818.3 INR
7/10/2018,2848 INR
6/10/2018,2860.4 INR
5/10/2018,2863.7 INR
4/10/2018,2840.3 INR
3/10/2018,2842.1 INR
2/10/2018,2832 INR
1/10/2018,2806.1 INR
30-09-2018,2775.1 INR
29-09-2018,2775.1 INR
28-09-2018,2773.8 INR
27-09-2018,2760.1 INR
26-09-2018,2775.4 INR
25-09-2018,2802.5 INR
24-09-2018,2807.4 INR
23-09-2018,2779.7 INR
22-09-2018,2779.5 INR
21-09-2018,2779.5 INR
20-09-2018,2779.7 INR
19-09-2018,2781.8 INR
18-09-2018,2797.1 INR
17-09-2018,2797 INR
16-09-2018,2761.5 INR
15-09-2018,2761.5 INR
14-09-2018,2764.2 INR
13-09-2018,2763.1 INR
12/9/2018,2784.9 INR
11/9/2018,2791 INR
10/9/2018,2786.7 INR
9/9/2018,2768.7 INR
8/9/2018,2768.7 INR
7/9/2018,2768.7 INR
6/9/2018,2771.3 INR
5/9/2018,2746.5 INR
4/9/2018,2733.9 INR
3/9/2018,2744.9 INR
2/9/2018,2733.2 INR
1/9/2018,2731.7 INR
31-08-2018,2725.6 INR
30-08-2018,2737.6 INR
29-08-2018,2734.6 INR
28-08-2018,2707.4 INR
27-08-2018,2718.3 INR
26-08-2018,2699.6 INR
25-08-2018,2699.6 INR
24-08-2018,2699.7 INR
23-08-2018,2674.6 INR
22-08-2018,2681.9 INR
21-08-2018,2675.8 INR
20-08-2018,2665 INR
19-08-2018,2653.7 INR
18-08-2018,2653.8 INR
17-08-2018,2651.8 INR
16-08-2018,2637.9 INR
15-08-2018,2651.2 INR
14-08-2018,2681.8 INR
13-08-2018,2683.9 INR
12/8/2018,2686.4 INR
11/8/2018,2686.4 INR
10/8/2018,2688 INR
9/8/2018,2679.6 INR
8/8/2018,2668 INR
7/8/2018,2665.4 INR
6/8/2018,2666.4 INR
5/8/2018,2668 INR
4/8/2018,2668 INR
3/8/2018,2669.2 INR
2/8/2018,2661.5 INR
1/8/2018,2667.9 INR
31-07-2018,2692.7 INR
30-07-2018,2692.7 INR
29-07-2018,2694.5 INR
28-07-2018,2694.5 INR
27-07-2018,2696.2 INR
26-07-2018,2698.3 INR
25-07-2018,2712.3 INR
24-07-2018,2707.5 INR
23-07-2018,2710.8 INR
22-07-2018,2717.5 INR
21-07-2018,2717.6 INR
20-07-2018,2716.2 INR
19-07-2018,2705.7 INR
18-07-2018,2698.6 INR
17-07-2018,2694.8 INR
16-07-2018,2728.7 INR
15-07-2018,2728.9 INR
14-07-2018,2728.9 INR
13-07-2018,2729.4 INR
12/7/2018,2735.1 INR
11/7/2018,2744.8 INR
10/7/2018,2767 INR
9/7/2018,2772.9 INR
8/7/2018,2770.1 INR
7/7/2018,2770.1 INR
6/7/2018,2770.7 INR
5/7/2018,2776.3 INR
4/7/2018,2783.1 INR
3/7/2018,2755.9 INR
2/7/2018,2738.7 INR
1/7/2018,2753.3 INR
30-06-2018,2753.3 INR
29-06-2018,2751.8 INR
28-06-2018,2758.2 INR
27-06-2018,2771 INR
26-06-2018,2763.4 INR
25-06-2018,2767.9 INR
24-06-2018,2764.3 INR
23-06-2018,2764.3 INR
22-06-2018,2767.2 INR
21-06-2018,2760.5 INR
20-06-2018,2772.3 INR
19-06-2018,2785.1 INR
18-06-2018,2792.4 INR
17-06-2018,2798 INR
16-06-2018,2798.8 INR
15-06-2018,2801.7 INR
14-06-2018,2837.6 INR
13-06-2018,2816.9 INR
12/6/2018,2812.9 INR
11/6/2018,2818.4 INR
10/6/2018,2815.4 INR
9/6/2018,2815.3 INR
8/6/2018,2815 INR
7/6/2018,2806.8 INR
6/6/2018,2781.6 INR
5/6/2018,2792 INR
4/6/2018,2781.9 INR
3/6/2018,2778.4 INR
2/6/2018,2781.1 INR
1/6/2018,2779.9 INR
31-05-2018,2812.8 INR
30-05-2018,2819.3 INR
29-05-2018,2832.3 INR
28-05-2018,2807.8 INR
27-05-2018,2829.1 INR
26-05-2018,2829 INR
25-05-2018,2826.2 INR
24-05-2018,2859.5 INR
23-05-2018,2836.5 INR
22-05-2018,2823.5 INR
21-05-2018,2821.8 INR
20-05-2018,2819.3 INR
19-05-2018,2819.3 INR
18-05-2018,2819.2 INR
17-05-2018,2810.7 INR
16-05-2018,2804.4 INR
15-05-2018,2828.5 INR
14-05-2018,2854.8 INR
13-05-2018,2849.7 INR
12/5/2018,2851.1 INR
11/5/2018,2854.5 INR
10/5/2018,2844.7 INR
9/5/2018,2837.2 INR
8/5/2018,2834.9 INR
7/5/2018,2832 INR
6/5/2018,2820.6 INR
5/5/2018,2820.6 INR
4/5/2018,2818.4 INR
3/5/2018,2807.2 INR
2/5/2018,2797.3 INR
1/5/2018,2795.9 INR
30-04-2018,2806.4 INR
27-04-2018,2825.8 INR
26-04-2018,2835.1 INR
25-04-2018,2840.6 INR
24-04-2018,2832.4 INR
23-04-2018,2828.6 INR
20-04-2018,2841.3 INR
19-04-2018,2864.3 INR
18-04-2018,2851.7 INR
17-04-2018,2829.2 INR
16-04-2018,2835.1 INR
13-04-2018,2814.6 INR
12/4/2018,2811.3 INR
11/4/2018,2825.5 INR
10/4/2018,2792 INR
9/4/2018,2772.1 INR
6/4/2018,2773.5 INR
5/4/2018,2763.2 INR
4/4/2018,2790.5 INR
3/4/2018,2782.5 INR
2/4/2018,2767.9 INR
30-03-2018,2763.5 INR
29-03-2018,2765.6 INR
28-03-2018,2785.9 INR
27-03-2018,2791.8 INR
26-03-2018,2808.7 INR
23-03-2018,2809.3 INR
22-03-2018,2778 INR
21-03-2018,2765.8 INR
20-03-2018,2747.2 INR
19-03-2018,2751.4 INR
16-03-2018,2736.3 INR
15-03-2018,2749.5 INR
14-03-2018,2755.3 INR
13-03-2018,2747.6 INR
12/3/2018,2752.1 INR
9/3/2018,2755.4 INR
8/3/2018,2762.4 INR
7/3/2018,2771.9 INR
6/3/2018,2773.9 INR
5/3/2018,2757.7 INR
2/3/2018,2769.2 INR
1/3/2018,2739.7 INR
28-02-2018,2759.6 INR
27-02-2018,2771.5 INR
26-02-2018,2773.4 INR
23-02-2018,2765.4 INR
22-02-2018,2771 INR
21-02-2018,2766.4 INR
20-02-2018,2791.7 INR
19-02-2018,2786.9 INR
16-02-2018,2793.2 INR
15-02-2018,2775.7 INR
14-02-2018,2749.3 INR
13-02-2018,2734.5 INR
12/2/2018,2729 INR
9/2/2018,2715.1 INR
8/2/2018,2722.7 INR
7/2/2018,2731 INR
6/2/2018,2746.5 INR
5/2/2018,2742.7 INR
2/2/2018,2740.1 INR
1/2/2018,2754.1 INR
31-01-2018,2745.3 INR
30-01-2018,2753.5 INR
29-01-2018,2746.2 INR
26-01-2018,2763 INR
25-01-2018,2760.5 INR
24-01-2018,2763.4 INR
23-01-2018,2729.5 INR
22-01-2018,2736.2 INR
19-01-2018,2736 INR
18-01-2018,2731.8 INR
17-01-2018,2738.2 INR
16-01-2018,2741 INR
15-01-2018,2730.9 INR
12/1/2018,2709.6 INR
11/1/2018,2703.7 INR
10/1/2018,2701.7 INR
9/1/2018,2679.6 INR
8/1/2018,2690.1 INR
5/1/2018,2676.1 INR
4/1/2018,2675.1 INR
3/1/2018,2677.7 INR
2/1/2018,2672.5 INR
1/1/2018,2645.5 INR
29-12-2017,2644.8 INR
28-12-2017,2655.5 INR
27-12-2017,2634.6 INR
26-12-2017,2599.5 INR
25-12-2017,2598.7 INR
22-12-2017,2598.7 INR
21-12-2017,2599 INR
20-12-2017,2597.1 INR
19-12-2017,2591.5 INR
18-12-2017,2599.5 INR
15-12-2017,2579.6 INR
14-12-2017,2579.7 INR
13-12-2017,2567.9 INR
12/12/2017,2571.8 INR
11/12/2017,2576.8 INR
8/12/2017,2587.1 INR
7/12/2017,2600.2 INR
6/12/2017,2618.7 INR
5/12/2017,2616.7 INR
4/12/2017,2632 INR
1/12/2017,2642.7 INR
30-11-2017,2649.4 INR
29-11-2017,2654 INR
28-11-2017,2671.1 INR
27-11-2017,2680.1 INR
24-11-2017,2674.4 INR
23-11-2017,2675.5 INR
22-11-2017,2680.2 INR
21-11-2017,2670 INR
20-11-2017,2685.3 INR
17-11-2017,2680.4 INR
16-11-2017,2680.6 INR
15-11-2017,2689.5 INR
14-11-2017,2676.7 INR
13-11-2017,2685.8 INR
10/11/2017,2694.5 INR
9/11/2017,2684.7 INR
8/11/2017,2676.5 INR
7/11/2017,2667.9 INR
6/11/2017,2636 INR
3/11/2017,2630.2 INR
2/11/2017,2651.5 INR
1/11/2017,2646.7 INR
31-10-2017,2639.9 INR
30-10-2017,2647.5 INR
27-10-2017,2640.8 INR
26-10-2017,2654.6 INR
25-10-2017,2657.2 INR
24-10-2017,2671.6 INR
23-10-2017,2661 INR
20-10-2017,2674.9 INR
19-10-2017,2683.9 INR
18-10-2017,2673.8 INR
17-10-2017,2681.8 INR
16-10-2017,2706.8 INR
12/10/2017,2694 INR
11/10/2017,2696.6 INR
10/10/2017,2703.4 INR
9/10/2017,2685.5 INR
6/10/2017,2651.8 INR
5/10/2017,2664.8 INR
4/10/2017,2661.8 INR
3/10/2017,2671.9 INR
2/10/2017,2681.2 INR
29-09-2017,2691.4 INR
28-09-2017,2695.2 INR
27-09-2017,2697.2 INR
26-09-2017,2731.7 INR
25-09-2017,2709.9 INR
22-09-2017,2696 INR
21-09-2017,2692.2 INR
20-09-2017,2708.5 INR
19-09-2017,2703.3 INR
18-09-2017,2702.2 INR
15-09-2017,2722.8 INR
14-09-2017,2729.4 INR
13-09-2017,2733.1 INR
12/9/2017,2726.5 INR
11/9/2017,2738.2 INR
8/9/2017,2763.4 INR
7/9/2017,2759 INR
6/9/2017,2751.1 INR
5/9/2017,2748.3 INR
4/9/2017,2739.1 INR
1/9/2017,2705.2 INR
31-08-2017,2694 INR
30-08-2017,2688.2 INR
29-08-2017,2706.9 INR
28-08-2017,2632.3 INR
25-08-2017,2640.7 INR
24-08-2017,2650 INR
23-08-2017,2645.2 INR
21-08-2017,2663.4 INR
18-08-2017,2666 INR
17-08-2017,2644.1 INR
16-08-2017,2621.7 INR
15-08-2017,2618.5 INR
14-08-2017,2637.4 INR
11/8/2017,2644.4 INR
10/8/2017,2641 INR
9/8/2017,2577.8 INR
8/8/2017,2552.3 INR
7/8/2017,2578.2 INR
4/8/2017,2569.7 INR
3/8/2017,2593 INR
2/8/2017,2593.4 INR
1/8/2017,2614.9 INR
31-07-2017,2611.4 INR
28-07-2017,2603.3 INR
27-07-2017,2595.9 INR
26-07-2017,2577.6 INR
25-07-2017,2595 INR
24-07-2017,2595.1 INR
21-07-2017,2580.5 INR
20-07-2017,2559.7 INR
19-07-2017,2562.4 INR
18-07-2017,2562.4 INR
17-07-2017,2548.8 INR
14-07-2017,2538.6 INR
13-07-2017,2522.1 INR
12/7/2017,2519.9 INR
11/7/2017,2508.8 INR
10/7/2017,2508.2 INR
7/7/2017,2520.6 INR
6/7/2017,2544.9 INR
5/7/2017,2538.3 INR
4/7/2017,2544.3 INR
3/7/2017,2559.1 INR
30-06-2017,2576.8 INR
29-06-2017,2586.4 INR
28-06-2017,2584.1 INR
27-06-2017,2586.1 INR
26-06-2017,2574.6 INR
23-06-2017,2598.9 INR
22-06-2017,2594.1 INR
21-06-2017,2576.1 INR
20-06-2017,2577.7 INR
19-06-2017,2583.4 INR
16-06-2017,2597.8 INR
15-06-2017,2601.7 INR
14-06-2017,2623.1 INR
13-06-2017,2607.5 INR
12/6/2017,2621.2 INR
9/6/2017,2617 INR
8/6/2017,2625.9 INR
7/6/2017,2670.7 INR
6/6/2017,2675.2 INR
5/6/2017,2643.5 INR
2/6/2017,2629.9 INR
1/6/2017,2614.5 INR
31-05-2017,2622 INR
30-05-2017,2617.6 INR
29-05-2017,2620.8 INR
26-05-2017,2620.4 INR
25-05-2017,2604.4 INR
24-05-2017,2604.4 INR
23-05-2017,2625.1 INR
22-05-2017,2607.8 INR
18-05-2017,2618.6 INR
17-05-2017,2588.3 INR
16-05-2017,2537.3 INR
15-05-2017,2534.7 INR
12/5/2017,2535.6 INR
11/5/2017,2528.3 INR
10/5/2017,2533.4 INR
9/5/2017,2534.2 INR
8/5/2017,2541 INR
5/5/2017,2532.4 INR
4/5/2017,2532.8 INR
2/5/2017,2586 INR
1/5/2017,2612.4 INR
28-04-2017,2612.4 INR
27-04-2017,2599 INR
26-04-2017,2597.5 INR
25-04-2017,2618 INR
24-04-2017,2628 INR
21-04-2017,2660.2 INR
20-04-2017,2663.6 INR
19-04-2017,2654.8 INR
18-04-2017,2651.3 INR
17-04-2017,2655.3 INR
14-04-2017,2658.2 INR
13-04-2017,2658.8 INR
12/4/2017,2647.8 INR
11/4/2017,2601.7 INR
10/4/2017,2591 INR
7/4/2017,2612.4 INR
6/4/2017,2596.8 INR
5/4/2017,2600.8 INR
4/4/2017,2625.7 INR
3/4/2017,2603.5 INR
31-03-2017,2591.8 INR
30-03-2017,2597 INR
29-03-2017,2605.4 INR
28-03-2017,2625.1 INR
27-03-2017,2626.2 INR
24-03-2017,2619.1 INR
23-03-2017,2621.1 INR
22-03-2017,2622.8 INR
21-03-2017,2607.1 INR
20-03-2017,2584.1 INR
17-03-2017,2582.5 INR
16-03-2017,2581.8 INR
15-03-2017,2523 INR
14-03-2017,2544.1 INR
13-03-2017,2558 INR
10/3/2017,2572.1 INR
9/3/2017,2581.6 INR
8/3/2017,2591.6 INR
7/3/2017,2602.1 INR
6/3/2017,2633.3 INR
3/3/2017,2629.5 INR
2/3/2017,2654.9 INR
1/3/2017,2658.8 INR
28-02-2017,2687.6 INR
27-02-2017,2691.8 INR
24-02-2017,2684.1 INR
23-02-2017,2671.4 INR
22-02-2017,2659 INR
21-02-2017,2653.2 INR
20-02-2017,2657.4 INR
17-02-2017,2675 INR
16-02-2017,2673.4 INR
15-02-2017,2627.2 INR
14-02-2017,2642.4 INR
13-02-2017,2628.6 INR
10/2/2017,2634.9 INR
9/2/2017,2649.8 INR
8/2/2017,2673.3 INR
7/2/2017,2661.3 INR
6/2/2017,2646.4 INR
3/2/2017,2618.9 INR
2/2/2017,2636.2 INR
1/2/2017,2606.5 INR
31-01-2017,2627.3 INR
30-01-2017,2596.3 INR
27-01-2017,2589 INR
26-01-2017,2603.8 INR
25-01-2017,2610 INR
24-01-2017,2661.1 INR
23-01-2017,2651.3 INR
20-01-2017,2622.3 INR
19-01-2017,2614.4 INR
18-01-2017,2656.1 INR
17-01-2017,2651.1 INR
16-01-2017,2629.4 INR
13-01-2017,2604.9 INR
12/1/2017,2629.8 INR
11/1/2017,2583.1 INR
10/1/2017,2606.6 INR
9/1/2017,2575.8 INR
6/1/2017,2570.8 INR
5/1/2017,2559.4 INR
4/1/2017,2537.8 INR
3/1/2017,2525.8 INR
2/1/2017,2506.5 INR
30-12-2016,2497.8 INR
29-12-2016,2498.1 INR
28-12-2016,2484.3 INR
27-12-2016,2469.3 INR
26-12-2016,2461.2 INR
23-12-2016,2464.1 INR
22-12-2016,2464.6 INR
21-12-2016,2467.5 INR
20-12-2016,2457.4 INR
19-12-2016,2474.2 INR
16-12-2016,2463.8 INR
15-12-2016,2456.5 INR
14-12-2016,2517 INR
13-12-2016,2510.3 INR
12/12/2016,2501.3 INR
9/12/2016,2521.7 INR
8/12/2016,2534.6 INR
7/12/2016,2552.1 INR
6/12/2016,2548.2 INR
5/12/2016,2540.1 INR
2/12/2016,2563.4 INR
1/12/2016,2549 INR
30-11-2016,2592.9 INR
29-11-2016,2614.2 INR
28-11-2016,2612.9 INR
25-11-2016,2614.6 INR
24-11-2016,2618.2 INR
23-11-2016,2620.9 INR
22-11-2016,2662.2 INR
21-11-2016,2659.3 INR
18-11-2016,2648.4 INR
17-11-2016,2675.2 INR
16-11-2016,2686.5 INR
15-11-2016,2670.7 INR
14-11-2016,2646.7 INR
11/11/2016,2688 INR
10/11/2016,2728.3 INR
9/11/2016,2735 INR
8/11/2016,2732.1 INR
7/11/2016,2748.7 INR
4/11/2016,2791.5 INR
3/11/2016,2785 INR
2/11/2016,2792.3 INR
1/11/2016,2759.8 INR
31-10-2016,2724.1 INR
28-10-2016,2729.6 INR
27-10-2016,2717.8 INR
26-10-2016,2725.8 INR
25-10-2016,2722.5 INR
24-10-2016,2717.5 INR
21-10-2016,2720.5 INR
20-10-2016,2728.6 INR
19-10-2016,2714.4 INR
18-10-2016,2694.4 INR
17-10-2016,2690.3 INR
14-10-2016,2678.4 INR
13-10-2016,2702.8 INR
12/10/2016,2695.2 INR
11/10/2016,2689.3 INR
10/10/2016,2687.7 INR
7/10/2016,2694.7 INR
6/10/2016,2679.9 INR
5/10/2016,2713.4 INR
4/10/2016,2740.1 INR
3/10/2016,2805.8 INR
30-09-2016,2837.7 INR
29-09-2016,2812.6 INR
28-09-2016,2820 INR
27-09-2016,2837 INR
26-09-2016,2870.4 INR
23-09-2016,2862.5 INR
22-09-2016,2880 INR
21-09-2016,2852.2 INR
20-09-2016,2824.7 INR
19-09-2016,2831 INR
16-09-2016,2808.2 INR
15-09-2016,2812.3 INR
14-09-2016,2846.3 INR
13-09-2016,2848.5 INR
12/9/2016,2840.2 INR
9/9/2016,2847.2 INR
8/9/2016,2864.2 INR
7/9/2016,2868 INR
6/9/2016,2853.1 INR
5/9/2016,2834.8 INR
2/9/2016,2832.7 INR
1/9/2016,2813.8 INR
31-08-2016,2822.3 INR
30-08-2016,2839.6 INR
29-08-2016,2842 INR
26-08-2016,2837.7 INR
25-08-2016,2842.5 INR
24-08-2016,2857.4 INR
23-08-2016,2894.6 INR
22-08-2016,2879 INR
19-08-2016,2889.3 INR
18-08-2016,2902.5 INR
17-08-2016,2883.4 INR
16-08-2016,2884.8 INR
15-08-2016,2876.7 INR
12/8/2016,2898 INR
11/8/2016,2903.9 INR
10/8/2016,2889 INR
9/8/2016,2876.7 INR
8/8/2016,2868.3 INR
5/8/2016,2876 INR
4/8/2016,2922.3 INR
3/8/2016,2908.2 INR
2/8/2016,2920.5 INR
1/8/2016,2887.8 INR
29-07-2016,2886 INR
28-07-2016,2891.9 INR
27-07-2016,2873.7 INR
26-07-2016,2863.2 INR
25-07-2016,2830.7 INR
22-07-2016,2847.4 INR
21-07-2016,2848.8 INR
20-07-2016,2837.9 INR
19-07-2016,2868.6 INR
18-07-2016,2876.6 INR
15-07-2016,2847 INR
14-07-2016,2847.2 INR
13-07-2016,2887.4 INR
12/7/2016,2894 INR
11/7/2016,2924.8 INR
8/7/2016,2934 INR
7/7/2016,2936.7 INR
6/7/2016,2956.6 INR
5/7/2016,2916.8 INR
4/7/2016,2913.3 INR
1/7/2016,2903.8 INR
30-06-2016,2859.1 INR
29-06-2016,2875 INR
28-06-2016,2855.6 INR
27-06-2016,2886.3 INR
24-06-2016,2841.6 INR
23-06-2016,2734.7 INR
22-06-2016,2748.6 INR
21-06-2016,2759.9 INR
20-06-2016,2759.8 INR
17-06-2016,2788.9 INR
16-06-2016,2823.2 INR
15-06-2016,2775.2 INR
14-06-2016,2776.5 INR
13-06-2016,2752.7 INR
10/6/2016,2731.8 INR
9/6/2016,2698.2 INR
8/6/2016,2705 INR
7/6/2016,2661.5 INR
6/6/2016,2675.5 INR
3/6/2016,2678.2 INR
2/6/2016,2625.3 INR
1/6/2016,2617.7 INR
31-05-2016,2611.5 INR
30-05-2016,2617 INR
27-05-2016,2613.5 INR
26-05-2016,2641.8 INR
25-05-2016,2653 INR
24-05-2016,2678.3 INR
23-05-2016,2696.8 INR
20-05-2016,2716.8 INR
19-05-2016,2681.2 INR
18-05-2016,2731.7 INR
17-05-2016,2738.9 INR
16-05-2016,2762.2 INR
13-05-2016,2712 INR
12/5/2016,2732.1 INR
11/5/2016,2730.4 INR
10/5/2016,2704.2 INR
9/5/2016,2705 INR
6/5/2016,2753.8 INR
5/5/2016,2738.6 INR
4/5/2016,2737.8 INR
3/5/2016,2756.4 INR
2/5/2016,2741.3 INR
29-04-2016,2741.7 INR
28-04-2016,2681.6 INR
27-04-2016,2658.9 INR
26-04-2016,2657.8 INR
25-04-2016,2651 INR
22-04-2016,2652.2 INR
21-04-2016,2651.6 INR
20-04-2016,2659 INR
19-04-2016,2678.4 INR
18-04-2016,2641.2 INR
15-04-2016,2626.2 INR
14-04-2016,2634.1 INR
13-04-2016,2651.4 INR
12/4/2016,2670.8 INR
11/4/2016,2680.5 INR
8/4/2016,2654.8 INR
7/4/2016,2654.3 INR
6/4/2016,2604.3 INR
5/4/2016,2610.7 INR
4/4/2016,2598.5 INR
1/4/2016,2577.8 INR
31-03-2016,2629.4 INR
30-03-2016,2631.8 INR
29-03-2016,2620.6 INR
28-03-2016,2622.7 INR
25-03-2016,2619.7 INR
24-03-2016,2622.1 INR
23-03-2016,2603.4 INR
22-03-2016,2674.9 INR
21-03-2016,2652.8 INR
18-03-2016,2671.6 INR
17-03-2016,2733.6 INR
16-03-2016,2656.3 INR
15-03-2016,2655 INR
14-03-2016,2669.6 INR
11/3/2016,2728.2 INR
10/3/2016,2727.3 INR
9/3/2016,2693.4 INR
8/3/2016,2724 INR
7/3/2016,2724.3 INR
4/3/2016,2753.5 INR
3/3/2016,2704 INR
2/3/2016,2695.2 INR
1/3/2016,2708.1 INR
29-02-2016,2724.8 INR
26-02-2016,2710.6 INR
25-02-2016,2719.5 INR
24-02-2016,2752.8 INR
23-02-2016,2687.1 INR
22-02-2016,2664.6 INR
19-02-2016,2708.9 INR
18-02-2016,2654 INR
17-02-2016,2659.8 INR
16-02-2016,2645.9 INR
15-02-2016,2641.9 INR
12/2/2016,2723.7 INR
11/2/2016,2704.5 INR
10/2/2016,2593.2 INR
9/2/2016,2599.7 INR
8/2/2016,2597.3 INR
5/2/2016,2495.1 INR
4/2/2016,2521.5 INR
3/2/2016,2468.8 INR
2/2/2016,2460.8 INR
1/2/2016,2454.5 INR
29-01-2016,2430.2 INR
28-01-2016,2431.2 INR
27-01-2016,2428.8 INR
26-01-2016,2420.9 INR
25-01-2016,2399.4 INR
22-01-2016,2390.3 INR
21-01-2016,2395.6 INR
20-01-2016,2394.1 INR
19-01-2016,2359.4 INR
18-01-2016,2369.6 INR
15-01-2016,2365.8 INR
14-01-2016,2332 INR
13-01-2016,2335.6 INR
12/1/2016,2326.9 INR
11/1/2016,2362 INR
8/1/2016,2356 INR
7/1/2016,2369.5 INR
6/1/2016,2329.8 INR
5/1/2016,2301.3 INR
4/1/2016,2299.8 INR
1/1/2016,2252.6 INR
